,x,y,z,color,lum,absmag,appmag,distly,distly_datetime,date_x,YearMonth,date_y,headline,snippet,link
0,2.8675,0.5733,-0.5305,1.643,0.00049,13.0,10.37,9.69,3536.85,2005-03-03 00:00:00,200503,2005-03-01 00:00:00,Eyeing the Next Einstein,"In this lesson, students learn about the iconic status of Albert Einstein. They create trading cards about famous scientists and write a job description seeking a potential heir to the Einstein legacy.",http://learning.blogs.nytimes.com/2005/03/01/eyeing-the-next-einstein/
1,-2.0695,-0.5874,-2.3933,0.991,0.26132,6.18,3.72,10.49,3828.85,2004-05-15 00:00:00,200405,2004-05-01 00:00:00,Airlines Gave F.B.I. Millions of Records on Travelers After 9/11,"In the days after the Sept. 11 terrorist attacks in 2001, the nation's largest airlines, including American, United and Northwest, turned over millions of passenger records to the Federal Bureau of Investigation, airline and law enforcement officials...",http://www.nytimes.com/2004/05/01/us/airlines-gave-fbi-millions-of-records-on-travelers-after-9-11.html
2,1.3362,0.1193,-3.0047,1.5419999999999998,0.00965,9.76,7.35,10.73,3916.45,2004-02-17 00:00:00,200402,2004-02-01 00:00:00,Sharpton Makes His Stand To Win Voice at Convention,"The Rev. Al Sharpton was in prime form, whipping off the kind of politically potent one-liners that have come to define his campaign for the Democratic presidential nomination. The crowd was smiling, clapping, people jumping to their feet. It seemed...",http://www.nytimes.com/2004/02/02/us/2004-campaign-minister-sharpton-makes-his-stand-win-voice-convention.html
3,0.4638,3.4336,-0.3529,1.137,0.07831,7.49,5.2,11.35,4142.75,2003-07-06 00:00:00,200307,2003-07-01 00:00:00,National Briefing | Midwest: Illinois: Board Approves Same-Sex Registry,"The Cook County Board of Commissioners approved a same-sex partnership registry, officially recognizing gay and lesbian relationships. While the registry would not give same-sex couples any new rights, it is intended to serve as an official...",http://www.nytimes.com/2003/07/02/us/national-briefing-midwest-illinois-board-approves-same-sex-registry.html
4,0.0402,3.2054,1.4424,1.137,0.00126,11.97,9.7,11.46,4182.9,2003-05-27 00:00:00,200305,2003-05-01 00:00:00,Fit to Be Tied (In),"In this lesson, students examine promotional products for movies and brainstorm the ways that these items affect their purchasing behavior. Students then consider the profiles of specific consumer demographics and create posters explaining why a...",http://learning.blogs.nytimes.com/2003/05/01/fit-to-be-tied-in/
5,-1.5192,3.0246,-1.129,1.4780000000000002,0.0057399999999999994,10.33,8.09,11.63,4244.95,2003-03-26 00:00:00,200303,2003-03-01 00:00:00,Tapes Show Desperation and Panic at Chicago Club's Exits,"At first, faces fill the screen, some still giddy with drink and dance, others already panicked by the pepper spray released nearby. A few seconds later, arms jab the air in distress, pointing toward the already overstuffed stairwell. Then, a...",http://www.nytimes.com/2003/03/01/us/tapes-show-desperation-and-panic-at-chicago-club-s-exits.html
6,2.2186,-0.9782,-2.6965,1.137,0.13581,6.89,4.69,11.82,4314.3,2003-01-15 00:00:00,200301,2003-01-01 00:00:00,National Briefing | West: California: Chickens Ordered Killed To Stem Virus,"State officials have ordered the destruction of one million egg-producing hens and expanded a poultry quarantine to stem the spread of the Exotic New Castle Disease in California's $3 billion poultry industry. New cases of the disease, which is...",http://www.nytimes.com/2003/01/01/us/national-briefing-west-california-chickens-ordered-killed-to-stem-virus.html
7,-0.6254,0.3655,-3.6455,1.785,0.00016,14.25,12.1,12.12,4423.8,2002-09-28 00:00:00,200209,2002-09-01 00:00:00,Gun Industry Is Gaining Immunity From Suits,"A spate of government litigation against the nation's gun companies has been stifled in 30 states, which have passed laws granting the industry immunity from civil lawsuits.    Those laws have all been enacted since 1998, when New Orleans became the...",http://www.nytimes.com/2002/09/01/us/gun-industry-is-gaining-immunity-from-suits.html
8,-3.157,-1.9985,0.6842,1.7480000000000002,0.0013,11.94,9.84,12.38,4518.7,2002-06-25 00:00:00,200206,2002-06-01 00:00:00,Agent Who Wrote Critical Letter May Testify,"The nation will probably soon get to see and hear Coleen Rowley, the Minneapolis F.B.I. agent who has been widely lauded for her complaint that bureau officials in Washington brushed aside information about terrorist plans before Sept. 11,...",http://www.nytimes.com/2002/06/01/us/agent-who-wrote-critical-letter-may-testify.html
9,-1.0571,-2.9872,-2.3036,1.416,0.0034,10.89,8.86,12.77,4661.05,2002-02-02 00:00:00,200202,2002-02-01 00:00:00,Canada Wants Some Trucks Exempt From Border Inspection,"At a time when the Bush administration is trying to tighten security along its 4,000-mile northern border, Canada is aggressively pushing a plan that would eventually allow more than 7,000 trucks each day to pass the border uninspected, United States...",http://www.nytimes.com/2002/02/01/us/nation-challenged-border-security-canada-wants-some-trucks-exempt-border.html
10,-1.0163,3.8767,-0.0002,1.5419999999999998,0.00182,11.58,9.59,13.07,4770.55,2001-10-16 00:00:00,200110,2001-10-01 00:00:00,National Briefing | South: North Carolina: Ex-Clinton Aide Might Run After All,"Erskine B. Bowles, the White House chief of staff in the Clinton administration, is reconsidering a decision not to run next year for the United States Senate seat being vacated by Senator Jesse Helms, a leading Democratic official said. Scott R....",http://www.nytimes.com/2001/10/02/us/national-briefing-south-north-carolina-ex-clinton-aide-might-run-after-all.html
11,-3.4356,-2.2249,-0.4437,1.713,0.00047000000000000004,13.05,11.12,13.42,4898.3,2001-06-10 00:00:00,200106,2001-06-01 00:00:00,National Briefing | Washington: Rehnquist's Daughter Nominated,"President Bush nominated Janet Rehnquist, daughter of Chief Justice William H. Rehnquist, to be inspector general of the Department of Health and Human Services. She is currently an assistant United States attorney in Virginia and was associate White...",http://www.nytimes.com/2001/06/02/us/national-briefing-washington-rehnquist-s-daughter-nominated.html
12,3.3075,-1.6456,2.1031,-0.63,0.00029,13.58,11.72,13.86,5058.9,2001-01-01 00:00:00,200101,2001-01-01 00:00:00,Census Director Marvels at the New Portrait of America,"KENNETH PREWITT is tired of the Beltway analysis of the Census Bureau's numbers, all the yada yada about how the figures will change the House or rejigger Congressional districts.    ''Everyone wants to talk about winning and losing,'' Mr. Prewitt,...",http://www.nytimes.com/2001/01/01/us/public-lives-census-director-marvels-at-the-new-portrait-of-america.html
13,1.0193,-0.2998,-4.2291,1.5419999999999998,0.00556,10.36,8.56,14.22,5190.3,2000-08-22 00:00:00,200008,2000-08-01 00:00:00,Party's Schedule," All times are Eastern daylight  8 p.m.    Hector Barreto, a small-business owner in California, on the importance of providing opportunity.    Gayle White, a fifth-generation farmer from Oklahoma, on the challenges facing the family farm.",http://www.nytimes.com/2000/08/02/us/the-republicans-party-s-schedule.html
14,-2.5456,-0.8793,-3.4751,-0.63,0.00021,13.94,12.16,14.33,5230.45,2000-07-13 00:00:00,200007,2000-07-01 00:00:00,Boom in Economy Skips Towns on the Plains,"From above, the state of North Dakota is a quilt of wheat and prairie grass stitched by rows of cottonwood, ash and elm trees, two-lane roads, many dirt, and railroad tracks. Every seven or eight miles beyond the few big cities, the tracks link...",http://www.nytimes.com/2000/07/02/us/boom-in-economy-skips-towns-on-the-plains.html
15,3.5079,-1.7457,2.2303,-0.63,0.00022999999999999998,13.8,12.07,14.7,5365.5,2000-02-29 00:00:00,200002,2000-02-01 00:00:00,Consecrations of U.S. Bishops by Episcopal Officials Overseas Challenge Church Hierarchy,"In a highly unusual challenge to the Episcopal Church's leadership, the top officials of two Anglican church provinces overseas, in Africa and Asia, have consecrated two conservative American priests as bishops to minister to Episcopalians who feel...",http://www.nytimes.com/2000/02/02/us/consecrations-us-bishops-episcopal-officials-overseas-challenge-church-hierarchy.html
16,4.3082,-1.3168,-0.5352,1.137,0.00283,11.1,9.38,14.79,5398.35,2000-01-27 00:00:00,200001,2000-01-01 00:00:00,"THE YEAR 2000: Speeches, Star Power and a Whole Lot of Noise Ring In the New; Hawaii, Last but Loud, Greets the New Year","All over the island, noise.     The first explosions went off before the sun slid down the horizon in purple-orange ribbons, before the crystal ball dropped in Times Square, before New Zealand's New Year's, even.  ",http://www.nytimes.com/2000/01/02/us/year-2000-speeches-star-power-whole-lot-noise-ring-new-hawaii-last-but-loud.html
17,2.024,-4.1479,-0.2303,-0.63,0.00042,13.18,11.5,15.06,5496.9,1999-10-21 00:00:00,199910,1999-10-01 00:00:00,Rising Incomes Lift 1.1 Million Out of Poverty,"Lifted by the strong economy, American households are climbing out of the income stagnation that has plagued them for years.    Rising incomes brought 1.1 million poor Americans out of poverty last year, and the percentage of people still below the...",http://www.nytimes.com/1999/10/01/us/rising-incomes-lift-1.1-million-out-of-poverty.html
18,1.4635,1.8734,-4.0564,1.7480000000000002,0.00148,11.8,10.16,15.33,5595.45,1999-07-14 00:00:00,199907,1999-07-01 00:00:00,Miami Cubans Are Outraged At Treatment Of 6 Refugees,"Miami's large Cuban-American population was bristling with outrage today, a day after the Coast Guard used water pumps and pepper spray in an attempt to turn back a boat carrying six Cubans who had come within 150 yards of the Miami Beach coastline. ...",http://www.nytimes.com/1999/07/01/us/miami-cubans-are-outraged-at-treatment-of-6-refugees.html
19,-2.1437,0.4363,4.3088,1.5419999999999998,0.005370000000000001,10.4,8.82,15.75,5748.75,1999-02-11 00:00:00,199902,1999-02-01 00:00:00,Explosion At Ford Plant Kills Worker,"A thunderous explosion, followed by a fire that burned for several hours, killed one worker and injured at least 30 today at the Ford Motor Company's River Rouge complex, long a symbol of American industrial strength that put the nation on wheels by...",http://www.nytimes.com/1999/02/02/us/explosion-at-ford-plant-kills-worker.html
20,4.0597,-2.6047,-0.9990000000000001,-0.63,0.00039,13.26,11.72,16.06,5861.9,1998-10-21 00:00:00,199810,1998-10-01 00:00:00,Washington Insider Is Lawyer for Panel's Democrats,"For three weeks, Abbe D. Lowell hunched down on the thin carpeting in the hallway of the Ford Building, just outside the vault securing the Whitewater independent counsel's documents, a cellular phone in one hand and a portable file folder in the...",http://www.nytimes.com/1998/10/02/us/testing-president-investigator-washington-insider-lawyer-for-panel-s-democrats.html
21,-3.7153,-1.4074,-3.1083,0.946,0.3339,5.92,4.43,16.44,6000.6,1998-06-04 00:00:00,199806,1998-06-01 00:00:00,Small Alabama Newspaper Prevails In Crusade to Expose Corrupt Sheriff,"In a tiny Alabama town where people like to recall the legacies of long-dead hunting dogs, and where the courthouse janitor has to stop twice in a crosswalk to say hello to people who call him by name, a weekly newspaper editor and his ace reporter,...",http://www.nytimes.com/1998/06/01/us/small-alabama-newspaper-prevails-in-crusade-to-expose-corrupt-sheriff.html
22,-0.9054,4.8339,-1.1417,1.713,0.00151,11.77,10.29,16.46,6007.9,1998-05-28 00:00:00,199805,1998-05-01 00:00:00,National News Briefs; Agency Fines Company In Florida Valujet Crash,"The Federal Aviation Administration said today that it was levying a record fine, $2.25 million, against the company that handled the oxygen generators that caused a Valujet DC-9 to crash nearly two years ago, killing all 110 people on board.    The...",http://www.nytimes.com/1998/05/01/us/national-news-briefs-agency-fines-company-in-florida-valujet-crash.html
23,4.3227,2.4852,1.0025,0.902,0.49062,5.5,4.03,16.58,6051.7,1998-04-14 00:00:00,199804,1998-04-01 00:00:00,Disbelief and Disappointment From Jones and Legal Team,"Members of Paula Corbin Jones's legal team were quick to say they would probably appeal today's court ruling dismissing their case, but it was apparent that they were mostly drenched in disappointment and shock.    ''It's very hard to take it in,...",http://www.nytimes.com/1998/04/02/us/testing-president-accusers-disbelief-disappointment-jones-legal-team.html
24,3.4167,3.7606,-0.7964,0.192,10.19598,2.2,0.76,16.77,6121.05,1998-02-03 00:00:00,199802,1998-02-01 00:00:00,Vietnam War Airmen Buried,"The remains of two Air Force fliers missing in Southeast Asia for three decades have been identified and returned to their families for burial, the Pentagon has announced.    Officials identified the two as Col. Paul G. Underwood of Goldsboro, N.C.,...",http://www.nytimes.com/1998/02/01/us/vietnam-war-airmen-buried.html
25,0.1317,1.2364,-5.0617,-0.63,0.00053,12.9,11.49,16.99,6201.35,1997-11-15 00:00:00,199711,1997-11-01 00:00:00,"Prisons: A Growth Industry for Some; Colorado County Is a Grateful Host to 7,000 Involuntary Guests","A few miles from the ''Alcatraz of the Rockies,'' the maximum security Federal prison where Timothy J. McVeigh spends 23 hours a day in an isolation cell, a cheery billboard beckons tourists: ''Stop and do time with us. Colorado Territorial Prison...",http://www.nytimes.com/1997/11/02/us/prisons-growth-industry-for-some-colorado-county-grateful-host-7000-involuntary.html
26,-2.5497,3.4021,3.3155,1.6769999999999998,0.00108,12.14,10.8,17.58,6416.7,1997-04-14 00:00:00,199704,1997-04-01 00:00:00,Several Guns Found Among Cultists' Belongings,"Acting on a tip from a warehouse operator, sheriff's investigators in San Diego County today found several weapons among a cache of books, videotapes and other items in two storage units rented by the Heaven's Gate cult, the authorities said.   ...",http://www.nytimes.com/1997/04/02/us/several-guns-found-among-cultists-belongings.html
27,1.6228,-0.2404,5.1773,1.609,0.00946,9.79,8.46,17.7,6460.5,1997-03-01 00:00:00,199703,1997-03-01 00:00:00,News Article On Bombing Raises Fears For Fair Trial,"Lawyers preparing for the Oklahoma City bombing trial and other experts following the case are concerned about the potential effect on the jury of a newspaper report that Timothy J. McVeigh, a defendant,  told his lawyers that he had driven the truck...",http://www.nytimes.com/1997/03/02/us/news-article-on-bombing-raises-fears-for-fair-trial.html
28,-4.6429,2.8903,0.7018,-0.63,0.0011099999999999999,12.11,10.82,17.98,6562.7,1996-11-19 00:00:00,199611,1996-11-01 00:00:00,"On Stump, Gore Shows a New Touch in Connecting With Crowds","Vice President Al Gore, whose boxy shoulders and predilection for polysyllabic earnestness have often made him seem like a kind of uptight Mr. Rogers, looks relaxed these days. No, really.    Mr. Gore is loping through a fast-paced but low-pressure...",http://www.nytimes.com/1996/11/02/us/on-stump-gore-shows-a-new-touch-in-connecting-with-crowds.html
29,-1.4819,-2.8801,4.6112,1.6769999999999998,0.00054,12.89,11.64,18.37,6705.05,1996-06-29 00:00:00,199606,1996-06-01 00:00:00,"Caravan of Buses Carries New Yorkers, Mostly From Unions","By the thousands, they left their homes at 4:30 this morning, heading for buses at Montefiore Hospital in the Bronx, the garment workers' union offices in midtown Manhattan, the municipal workers' headquarters downtown and dozens of other sites.     ...",http://www.nytimes.com/1996/06/02/us/caravan-of-buses-carries-new-yorkers-mostly-from-unions.html
30,-4.7844,-2.4303,-1.8947,1.4780000000000002,0.016309999999999998,9.19,7.97,18.55,6770.75,1996-04-25 00:00:00,199604,1996-04-01 00:00:00,Critic Calls Anti-Smoking Drive Misdirected,"Everyone from President Clinton to tobacco companies is preaching these days  that teen-agers should be kept from smoking, and that has some anti-tobacco advocates worried.         The anti-tobacco movement has careened off on this narrow path...""",http://www.nytimes.com/1996/04/01/us/critic-calls-anti-smoking-drive-misdirected.html
31,5.254,1.0258,2.07,1.609,0.0063100000000000005,10.23,9.02,18.71,6829.15,1996-02-26 00:00:00,199602,1996-02-01 00:00:00,Advocates of Gun Control Fear Results of a Trade Agreement With Russia,"Next week's negotiations that could lift cold war trade restrictions on Russian firearms have angered some gun-control advocates in Congress, who say the deal could allow importers to flood the American market with millions of inexpensive Russian...",http://www.nytimes.com/1996/02/02/us/advocates-of-gun-control-fear-results-of-a-trade-agreement-with-russia.html
32,-1.0492,5.2474,2.149,0.902,0.34983000000000003,5.87,4.67,18.8,6862.0,1996-01-25 00:00:00,199601,1996-01-01 00:00:00,"For More and More Job Seekers, An Aging Parent Is a Big Factor","Just over a year ago, after much soul-searching, Robert W. Crispin turned down a plum job as one of the top three executives of a prestigious company on the West Coast. He decided instead to stay in Hartford, within easy visiting distance of his...",http://www.nytimes.com/1996/01/01/us/for-more-and-more-job-seekers-an-aging-parent-is-a-big-factor.html
33,4.6168,-1.8427,3.1891,1.0859999999999999,0.1395,6.86,5.72,19.25,7026.25,1995-08-13 00:00:00,199508,1995-08-01 00:00:00,Study Cites Adult Males for Most Teen-Age Births,"  At least half of the babies born to teen-age girls are fathered by adults, according to a new national study by the Alan Guttmacher Institute.   The study, which many researchers said is the most comprehensive of its kind, implies that a startling...",http://www.nytimes.com/1995/08/02/us/study-cites-adult-males-for-most-teen-age-births.html
34,-4.6755,-3.3789,1.3805,1.713,0.00091,12.32,11.19,19.34,7059.1,1995-07-11 00:00:00,199507,1995-07-01 00:00:00,Some Bed-Wetting Is Linked to a Gene,"  Researchers say a gene somewhere on chromosome 13 is linked to the most problematic form of bed-wetting, primary enuresis, in which children 7 years old or older wet the bed three or more times a week.    Only the general location of the gene has...",http://www.nytimes.com/1995/07/01/us/some-bed-wetting-is-linked-to-a-gene.html
35,-3.1962,4.9944,-0.5244,0.54,1.13614,4.59,3.46,19.41,7084.65,1995-06-16 00:00:00,199506,1995-06-01 00:00:00,"After More Testimony on DNA, Simpson Case Nears New Phase",The technical phase of O. J. Simpson's trial reached an intermission today as prosecutors switched gears and prepared to show jurors grisly autopsy photographs.         The Los Angeles County Coroner is to testify on Friday. He is to be followed  by...,http://www.nytimes.com/1995/06/02/us/after-more-testimony-on-dna-simpson-case-nears-new-phase.html
36,5.9244,-0.1612,0.7016,1.137,0.08122,7.45,6.33,19.46,7102.9,1995-05-29 00:00:00,199505,1995-05-01 00:00:00,Pentagon Seeks to End Preference Program,"  The Pentagon's affirmative action program in long-distance telephone services seemed such a triumph -- it had raised the portion of contracts with small, minority-owned businesses to 57 percent from just 3 percent within two years -- that Congress...",http://www.nytimes.com/1995/05/01/us/pentagon-seeks-to-end-preference-program.html
37,5.1699,0.4739,-3.1099,0.991,0.21172,6.41,5.32,19.73,7201.45,1995-02-19 00:00:00,199502,1995-02-01 00:00:00,Overproduction of a Protein Is Linked to Adults' Diabetes,"  Millions of Americans develop a form of diabetes in adulthood because they make too much of a protein that interferes with their cellular machinery, scientists reported today.   The finding, described in the current issue of Nature magazine, opens...",http://www.nytimes.com/1995/02/02/us/overproduction-of-a-protein-is-linked-to-adults-diabetes.html
38,6.1722,-0.2845,-0.1894,1.5419999999999998,0.0018899999999999998,11.53,10.49,20.15,7354.75,1994-09-19 00:00:00,199409,1994-09-01 00:00:00,"Once Again, Judge Decides Against the Simpson Team","  In yet another setback to the lawyers defending O. J. Simpson against murder charges, the judge in the case today rejected their request for the police personnel files of a detective whom they have accused of racial animosity.    The detective,...",http://www.nytimes.com/1994/09/01/us/once-again-judge-decides-against-the-simpson-team.html
39,-0.7224,4.7915,-3.9437,1.8219999999999998,0.0028899999999999998,11.07,10.05,20.37,7435.05,1994-06-30 00:00:00,199406,1994-06-01 00:00:00,"Justices, in Ruling on Free Speech, Put Limits on Government","  Defining the free-speech rights of public employees, a splintered Supreme Court today placed new limits on the ability of government agencies to punish employees for what they say.   A plurality of four Justices held that government workers cannot...",http://www.nytimes.com/1994/06/01/us/justices-in-ruling-on-free-speech-put-limits-on-government.html
40,1.6371,4.8481,3.7132,1.137,0.00586,10.31,9.31,20.61,7522.65,1994-04-04 00:00:00,199404,1994-04-01 00:00:00,Budget Deal in Albany,"  Governor Cuomo and legislative leaders announced an agreement on the outlines of a $34 billion state budget, but broke for the holiday weekend without actually enacting it or even providing details of their plan.    Article, page 22",http://www.nytimes.com/1994/04/02/us/budget-deal-in-albany.html
41,-2.2171,6.1268,-0.364,1.038,0.19555,6.5,5.57,21.27,7763.55,1993-08-06 00:00:00,199308,1993-08-01 00:00:00,Washington at Work; War Room General Plots Fight on Economic Turf,"  In the middle of chaos, with computer printers humming, phones ringing nonstop and five television monitors blaring, Deputy Treasury Secretary Roger C. Altman calmly surveyed the Administration's war room as he planned the next forays in the...",http://www.nytimes.com/1993/08/01/us/washington-at-work-war-room-general-plots-fight-on-economic-turf.html
42,0.5709,4.7966,4.4709,1.5419999999999998,0.00298,11.04,10.13,21.46,7832.9,1993-05-29 00:00:00,199305,1993-05-01 00:00:00,Gangs Go Public in New Fight for Respect,"  Jimel Barnes, a legendary gang member who made his name two decades ago by punching one of the founders of the Crips gang, was picking at his hors d'oeuvres the other day in the ballroom of the Westin Hotel here.   Crips and Bloods aren't going to...""",http://www.nytimes.com/1993/05/02/us/gangs-go-public-in-new-fight-for-respect.html
43,-2.2985,-1.6959,5.9768,1.609,0.00331,10.92,10.03,21.6,7884.0,1993-04-08 00:00:00,199304,1993-04-01 00:00:00,Florida Feels New Push For Protection of Clinics,"  Galvanized by the slaying of a doctor outside an abortion clinic in Pensacola last month, abortion-rights advocates in Florida are pressing in the State Legislature and in the courts for new measures to strengthen protection for such clinics and...",http://www.nytimes.com/1993/04/02/us/florida-feels-new-push-for-protection-of-clinics.html
44,2.9543,1.2593,5.8798,0.82,0.53225,5.41,4.54,21.84,7971.6,1993-01-10 00:00:00,199301,1993-01-01 00:00:00,Economic Pulse: The Washington Region; Once-Booming Megalopolis Is Struggling With Harder Times,"  At first glance, it could be the good old days all over again, just the way things were a couple of years back, before the recession hit this little rural patch sandwiched between the suburbs of Baltimore and Washington.   Bulldozers are ripping...",http://www.nytimes.com/1993/01/01/us/economic-pulse-washington-region-once-booming-megalopolis-struggling-with-harder.html
45,2.1564,5.7866,-2.7092,1.6769999999999998,0.0026,11.19,10.33,21.98,8022.7,1992-11-20 00:00:00,199211,1992-11-01 00:00:00,Bishops Protest Vatican Advisory Condoning Anti-Homosexual Bias,"  Two Roman Catholic bishops have joined more than 1,500 Catholics in publicly protesting a Vatican document that said discrimination against homosexuals could be justified in areas like adoption, military service and the hiring of teachers or...",http://www.nytimes.com/1992/11/02/us/bishops-protest-vatican-advisory-condoning-anti-homosexual-bias.html
46,6.8984,-0.9891,0.1734,1.0859999999999999,0.16315,6.69,5.91,22.73,8296.45,1992-02-20 00:00:00,199202,1992-02-01 00:00:00,THE 1992 CAMPAIGN: Republicans; Quayle's New Hampshire Theme: A Vote for Bush Is a Message to Congress,"  For those who might equate a vote for George Bush with an endorsement of his tenure, Vice President Dan Quayle would like to offer an alternative.   Campaigning today in New Hampshire, Mr. Quayle exhorted New Hampshire Republicans to consider a...",http://www.nytimes.com/1992/02/02/us/1992-campaign-republicans-quayle-s-new-hampshire-theme-vote-for-bush-message.html
47,-1.0473,6.8333,1.3553,1.5419999999999998,0.01465,9.31,8.55,22.97,8384.05,1991-11-24 00:00:00,199111,1991-11-01 00:00:00,Cuomo Musings Cast Pall Over Race,"  Gov. Mario M. Cuomo's public hand-wringing about whether to seek the Presidency has slowed but not frozen the pace of the just-formed Democratic primary field, fund-raisers and campaign aides said this week.   The candidates' travels have picked up...",http://www.nytimes.com/1991/11/02/us/cuomo-musings-cast-pall-over-race.html
48,-4.6584,1.3887,-5.3232,1.038,0.19485999999999998,6.5,5.79,23.5,8577.5,1991-05-15 00:00:00,199105,1991-05-01 00:00:00,Reader's Digest Group Gives Duke Media Unit $3 Million,  Duke University announced yesterday that its Institute of Policy Sciences and Public Affairs has received an unrestricted endowment grant of $3 million from the DeWitt Wallace-Reader's Digest Special Projects Fund. The money will be used to support...,http://www.nytimes.com/1991/05/02/us/reader-s-digest-group-gives-duke-media-unit-3-million.html
49,-2.1295,-4.4594,5.2791,1.5419999999999998,0.0056,10.35,9.65,23.57,8603.05,1991-04-19 00:00:00,199104,1991-04-01 00:00:00,Miami Plans to Evict Cuban Art Museum from City Building,"  The Cuban Museum of Arts and Culture here, which was bombed twice in recent years for exhibiting works by artists living in Cuba, is facing eviction from a city-owned building on Monday.    The Miami City Commission voted last week not to renew the...",http://www.nytimes.com/1991/04/01/us/miami-plans-to-evict-cuban-art-museum-from-city-building.html
50,2.1104,5.4539,4.2934,1.609,0.0008,12.47,11.77,23.65,8632.25,1991-03-21 00:00:00,199103,1991-03-01 00:00:00,"Iranian-American Sues Pan Am, Saying It Unfairly Questioned Him","  An Iranian-born American citizen who says he was ordered off a New York-bound Pan American World Airways jet in Miami and questioned for three hours filed suit against the airline yesterday, accusing it of discriminating against him because of his...",http://www.nytimes.com/1991/03/02/us/iranian-american-sues-pan-am-saying-it-unfairly-questioned-him.html
51,-2.0905,3.4099,-6.2977,0.991,0.21854,6.38,5.74,24.32,8876.8,1990-07-20 00:00:00,199007,1990-07-01 00:00:00,Tourists Greet Bush's Mother,"LEAD: Tourists sang ''Happy Birthday'' to 89-year-old Dorothy Walker Bush today as she emerged from St. Ann's by the Sea Episcopal Church on the arm of her son, President Bush. ''Thanks for the greeting for my Mom,'' the vacationing President said.",http://www.nytimes.com/1990/07/02/us/tourists-greet-bush-s-mother.html
52,-4.3302,6.1013,-1.034,0.706,0.37864000000000003,5.78,5.17,24.62,8986.3,1990-04-01 00:00:00,199004,1990-04-01 00:00:00,"In Idaho Leader's Veto, A Taste of Independence",LEAD: Gov. Cecil D. Andrus has been called many things since Friday when he vetoed a bill that would have made it nearly impossible to get an abortion in his state.,http://www.nytimes.com/1990/04/02/us/in-idaho-leader-s-veto-a-taste-of-independence.html
53,2.2226,-1.1214,7.2089,1.4780000000000002,0.01083,9.64,9.05,24.86,9073.9,1990-01-04 00:00:00,199001,1990-01-01 00:00:00,A Way Out of Welfare Via Foster-Mother Role,"LEAD: Fourteen mothers who were once on welfare have found $21,000-a-year jobs - as mothers. They are serving as foster parents to disabled children under a state program.",http://www.nytimes.com/1990/01/02/us/a-way-out-of-welfare-via-foster-mother-role.html
54,3.7129,-6.207000000000001,2.5274,1.6769999999999998,0.00058,12.82,12.24,24.98,9117.7,1989-11-21 00:00:00,198911,1989-11-01 00:00:00,"House, 382-37, Approves Bill To Raise the Minimum Wage","LEAD: By a lopsided margin, the House today approved legislation to increase the minimum wage to $4.25 an hour by 1991 and to create a $3.35 training wage for workers under 20 years old.",http://www.nytimes.com/1989/11/02/us/house-382-37-approves-bill-to-raise-the-minimum-wage.html
55,3.0538,1.1411,-6.9621,0.095,15.61633,1.74,1.17,25.06,9146.9,1989-10-23 00:00:00,198910,1989-10-01 00:00:00,"'Class War' Pitch Now Fails, Democrats Find in Tax Defeat","LEAD: The Democratic defeat on the capital gains tax in the House of Representatives this week is raising new questions on Capitol Hill about the party's message, the strength of its leadership and its ability to hold the line against a popular...",http://www.nytimes.com/1989/10/01/us/political-memo-class-war-pitch-now-fails-democrats-find-in-tax-defeat.html
56,6.5882,3.0387,2.6372,1.242,0.04459,8.1,7.54,25.17,9187.05,1989-09-12 00:00:00,198909,1989-09-01 00:00:00,Spill on Delaware Was Small,"LEAD: The Coast Guard today lowered its estimate of the size of an oil spill Thursday in the Delaware River. The 865-foot tanker Minerva, registered in Singapore, was first reported to have spilled thousands of gallons of crude oil as it was...",http://www.nytimes.com/1989/09/02/us/spill-on-delaware-was-small.html
57,2.8086,6.763,2.5555,0.021,45.42471,0.58,0.03,25.29,9230.85,1989-07-31 00:00:00,198907,1989-07-01 00:00:00,Support Is Off For Abortion,"LEAD: As both sides await a Supreme Court ruling on abortion, public support for the existing state of the law has slipped slightly, a New York Times Poll shows.",http://www.nytimes.com/1989/07/02/us/support-is-off-for-abortion.html
58,6.9875,3.24,1.2027,1.5419999999999998,0.00843,9.91,9.37,25.41,9274.65,1989-06-17 00:00:00,198906,1989-06-01 00:00:00,Death Is as Capricious as Life for Farm Leader,"LEAD: As the farm crisis of the 1980's deepened, Dixon Terry rallied farmers who were beaten and weary, calling on them to turn their plowshares into political swords.",http://www.nytimes.com/1989/06/02/us/death-is-as-capricious-as-life-for-farm-leader.html
59,-2.4553,-5.3863,5.0993,1.609,0.00937,9.8,9.26,25.47,9296.55,1989-05-26 00:00:00,198905,1989-05-01 00:00:00,San Francisco Journal; Undercurrent of Ill Will Grows With Chinatown,LEAD: A visitor to this city's North Beach neighborhood could easily assume that the traditionally Italian community and its recently arrived Chinese neighbors have settled into the most harmonious blending of cultures since Marco Polo helped turn...,http://www.nytimes.com/1989/05/02/us/san-francisco-journal-undercurrent-of-ill-will-grows-with-chinatown.html
60,4.4807,4.2126,-5.1344,1.6769999999999998,0.00082,12.44,11.96,26.12,9533.8,1988-10-01 00:00:00,198810,1988-10-01 00:00:00,"Omaha, Debate Site, to Aid Homeless","LEAD: Shelter has been offered to several hundred homeless people during the Vice-Presidential debate here next week, but city officials denied that the idea was to push homeless people out of sight.",http://www.nytimes.com/1988/10/02/us/omaha-debate-site-to-aid-homeless.html
61,-7.2371,-1.466,-3.1443,0.423,2.6482799999999997,3.67,3.19,26.16,9548.4,1988-09-16 00:00:00,198809,1988-09-01 00:00:00,At the Bar,"LEAD: ''Freedom of association,'' the right to belong to groups of one's choosing, is nowhere mentioned in the Constitution. It is a concept often read into the First Amendment by lawyers, argued by lawyers, written and refined by lawyers, expanded...",http://www.nytimes.com/1988/09/02/us/the-law-at-the-bar.html
62,1.4769,5.5889999999999995,5.5913,1.609,0.00392,10.74,10.27,26.22,9570.3,1988-08-25 00:00:00,198808,1988-08-01 00:00:00,"Washington Talk: Briefing; Ideas, Not Insults","LEAD: In her keynote speech at the Democratic National Convention in Atlanta, Ann Richards, the Texas State Treasurer, drew a lot of laughs at the expense of ''poor George'' Bush. So will Gov. Thomas H. Kean of New Jersey, who is to deliver the...",http://www.nytimes.com/1988/08/02/us/washington-talk-briefing-ideas-not-insults.html
63,5.4852,4.9801,3.3449,1.4780000000000002,0.00728,10.07,9.62,26.5,9672.5,1988-05-15 00:00:00,198805,1988-05-01 00:00:00,U.S. PLAN FOR LEASE IN SPACE OPPOSED,LEAD: A group of key Senators has rejected President Reagan's proposal for government leasing of much of a no-frills space station that would be commercially developed and owned. The Senators instead ordered an independent assessment of the proposed...,http://www.nytimes.com/1988/05/02/us/us-plan-for-lease-in-space-opposed.html
64,-4.4787,6.6877,1.25,1.643,0.00525,10.43,9.98,26.55,9690.75,1988-04-27 00:00:00,198804,1988-04-01 00:00:00,A Gay Rights Victory at Georgetown,LEAD: An eight-year legal battle that pitted gay students against the nation's oldest Roman Catholic university ended this week as lawyers for Georgetown University in Washington agreed to give homosexual student groups the same privileges as other...,http://www.nytimes.com/1988/04/02/us/a-gay-rights-victory-at-georgetown.html
65,7.135,-1.3692,3.8155,1.7480000000000002,0.0009699999999999999,12.26,11.83,26.75,9763.75,1988-02-14 00:00:00,198802,1988-02-01 00:00:00,China Protests,"LEAD: The Chinese Government has protested a plan by the Pentagon to include China on a new list of nations that are considered hostile to the United States, according to officials of the Defense Department.",http://www.nytimes.com/1988/02/02/us/washington-talk-briefing-china-protests.html
66,-4.0508,-4.6053,-5.5699,-0.63,0.00144,11.83,11.42,27.01,9858.65,1987-11-11 00:00:00,198711,1987-11-01 00:00:00,Lawsuit to Determine Rights of Illegal Aliens,"LEAD: Three years ago, Alicia Castrejon, a young, undocumented worker from the state of Michoacan, Mexico, had a job counting and packaging tortillas in Farmersville, a small town about 30 miles south of Fresno in California's central agricultural...",http://www.nytimes.com/1987/11/02/us/lawsuit-to-determine-rights-of-illegal-aliens.html
67,2.1432,-7.1177,-3.8372,-0.63,0.00148,11.8,11.41,27.27,9953.55,1987-08-08 00:00:00,198708,1987-08-01 00:00:00,Error Razes Ancient Village,LEAD: A bulldozer operator unknowingly destroyed an unmarked 800-year-old Indian village that archeologists had hoped would provide a rare glimpse into pre-Columbian American culture.,http://www.nytimes.com/1987/08/02/us/error-razes-ancient-village.html
68,4.6167,6.0038,3.6329,0.706,2.34715,3.8,3.42,27.38,9993.7,1987-06-29 00:00:00,198706,1987-06-01 00:00:00,PTL'S DUAL VIEWS OF TV,"LEAD: The PTL ministry uses television in two ways, both as a buyer and as a seller.",http://www.nytimes.com/1987/06/02/us/ptl-s-dual-views-of-tv.html
69,7.9723,-2.5486,1.315,1.6769999999999998,0.0033299999999999996,10.92,10.56,27.62,10081.3,1987-04-02 00:00:00,198704,1987-04-01 00:00:00,Evangelist Now Calls For $8 Million a Year,"LEAD: The evangelist Oral Roberts told his followers today that God had spared him because they had contributed more than $8 million, but he said the Lord had told him ''we must continue'' to raise that amount every year until the Second Coming of...",http://www.nytimes.com/1987/04/02/us/evangelist-now-calls-for-8-million-a-year.html
70,-5.3315,-4.7539,-4.6428,1.416,0.026719999999999997,8.66,8.31,27.77,10136.05,1987-02-06 00:00:00,198702,1987-02-01 00:00:00,AIDS AMONG CLERGY PRESENTS CHALLENGES TO CATHOLIC CHURCH,"LEAD: Some Roman Catholic officials have begun to acknowledge reports from doctors, social workers and others that members of the Catholic clergy, like Americans in other sectors of society, are suffering and dying from AIDS.",http://www.nytimes.com/1987/02/02/us/aids-among-clergy-presents-challenges-to-catholic-church.html
71,4.086,-4.5598,5.9322,0.706,0.7168100000000001,5.09,4.74,27.79,10143.35,1987-01-30 00:00:00,198701,1987-01-01 00:00:00,They Who 'Delivered' Boesky Are Perplexed,"LEAD: One day late last summer, Gary G. Lynch, head of the Securities and Exchange Commission's enforcement division, snapped his fingers, turned briskly from the elevator bank on the fourth-floor of the commission's main building and strode down the...",http://www.nytimes.com/1987/01/02/us/washington-talk-securities-exchange-commission-they-who-delivered-boesky-are.html
72,3.2865,-4.1574,-6.7637,0.509,1.16478,4.56,4.23,28.01,10223.65,1986-11-11 00:00:00,198611,1986-11-01 00:00:00,CHICAGO VOTE PLAN UPSET,  The Illinois Supreme Court has ruled that a proposed referendum to make Chicago's mayoral election nonpartisan is too ambiguous to be constitutionally valid.   The proposed referendum did not state when it was to be effective or in which election...,http://www.nytimes.com/1986/11/02/us/chicago-vote-plan-upset.html
73,4.4452,-4.9381,-5.4906,-0.63,0.00392,10.74,10.42,28.1,10256.5,1986-10-09 00:00:00,198610,1986-10-01 00:00:00,"15% of Elected City Officials Are Women, New Study Says","  More than 15 percent of the mayors and city council members in cities over 10,000 people are women, the National League of Cities said Monday. That triples the figure of little more than a decade ago.",http://www.nytimes.com/1986/10/02/us/15-of-elected-city-officials-are-women-new-study-says.html
74,5.1246,6.8802,0.9129,1.5419999999999998,0.0028399999999999996,11.09,10.77,28.13,10267.45,1986-09-28 00:00:00,198609,1986-09-01 00:00:00,The Kauls Are Everywhere,"  India's new Ambassador to the United States has arrived in Washington, and it will be understandable if there is some confusion over names back at the Foreign Office in New Delhi for a while. India's new man in Washington is P. K. Kaul, and at...",http://www.nytimes.com/1986/09/02/us/washington-talk-briefing-the-kauls-are-everywhere.html
75,-8.5593,-1.2728,-0.4129,0.54,1.02179,4.7,4.39,28.24,10307.6,1986-08-19 00:00:00,198608,1986-08-01 00:00:00,Quips With Cuomo,"  Governor Cuomo of New York was host for a fund-raising affair this week at the National Press Club for Representative Stan Lundine, the Governor's candidate for Lieutenant Governor, occasioning a barrage of quips about a possible Cuomo run for the...",http://www.nytimes.com/1986/08/02/us/washington-talk-briefing-quips-with-cuomo.html
76,-8.1825,-2.0978,-2.0515,1.7480000000000002,0.0006,12.78,12.48,28.34,10344.1,1986-07-13 00:00:00,198607,1986-07-01 00:00:00,Deus ex machina I,"  The development of direct mail solicitation into a major source of political finance and the concurrent rise of feminism occasionally run at cross-purposes, converting former friends of the party into enemies. Fund-raising by mail depends heavily...",http://www.nytimes.com/1986/07/02/us/briefing-deus-ex-machina-i.html
77,-3.1986,-2.9885,-7.5371,-0.63,0.00121,12.02,11.72,28.41,10369.65,1986-06-18 00:00:00,198606,1986-06-01 00:00:00,RELIGIOUS RIGHT CHALLENGING G.O.P.,"  The sudden emergence of the Rev. Pat Robertson and the religious right in Presidential politics means Republicans must reassess their strategies for 1988, their advisers and political experts say.   Although the 55-year-old television evangelist's...",http://www.nytimes.com/1986/06/02/us/religious-right-challenging-gop.html
78,2.2445,-7.4514,-4.0179,-0.63,0.0043100000000000005,10.64,10.35,28.55,10420.75,1986-04-28 00:00:00,198604,1986-04-01 00:00:00,URANIUM TRACES FOUND NEAR OKLAHOMA SITE,"  Measurable levels of uranium and fluorine have been found southeast of a uranium-processing plant that was closed after a fatal accident earlier this year, but the contamination may not be a health hazard, according to a Federal report released...",http://www.nytimes.com/1986/04/02/us/uranium-traces-found-near-oklahoma-site.html
79,8.3352,-2.6606,-0.8064,1.416,0.38871999999999995,5.75,5.47,28.64,10453.6,1986-03-26 00:00:00,198603,1986-03-01 00:00:00,MIS ING LETT RS IN N W JERS Y SIGN,"  IT was a troubled bridge that curved over the waters of the Delaware River at Trenton this week.   The span in question is the Trenton-Morrisville Bridge, which connects Trenton and Morrisville, Pa.",http://www.nytimes.com/1986/03/02/us/northeast-journal-mis-ing-lett-rs-in-n-w-jers-y-sign.html
80,-7.101,-3.3246,-4.0254,1.038,0.19602999999999998,6.49,6.22,28.73,10486.45,1986-02-21 00:00:00,198602,1986-02-01 00:00:00,SPENDING UP IN 'REAGAN REVOLUTION',"  When President Reagan took office five years ago, he vowed to shrink the size and scope of government as part of an agenda that conservatives called the Reagan revolution. But despite some notable victories in limiting domestic programs, total...",http://www.nytimes.com/1986/02/02/us/spending-up-in-reagan-revolution.html
81,2.6044,-5.8172,6.1937,1.6769999999999998,0.0018899999999999998,11.54,11.28,28.97,10574.05,1985-11-25 00:00:00,198511,1985-11-01 00:00:00,U.S. MANIPULATES PENSION FUNDS TOLIMIT ITS DEBT,  The Treasury on Friday night canceled $13 billion of Government securities held by the Social Security trust funds to prevent the Federal debt from exceeding the statutory limit.   The action became necesssary at midnight because Congress could not...,http://www.nytimes.com/1985/11/02/us/us-manipulates-pension-funds-tolimit-its-debt.html
82,0.982,8.3008,-3.2353,-0.63,0.001,12.23,11.99,29.22,10665.3,1985-08-26 00:00:00,198508,1985-08-01 00:00:00,Wait a Wowate,"  On the questionable theory that what Washington needs is one more acronym, R. James Woolsey, former Under Secretary of the Navy, has produced a new unit for measuring time: the Wowate. The initials stand for ''World War II equivalent,'' and one...",http://www.nytimes.com/1985/08/02/us/briefing-wait-a-wowate.html
83,2.0561,-7.7364,4.195,1.5419999999999998,0.00755,10.03,9.81,29.46,10752.9,1985-05-31 00:00:00,198505,1985-05-01 00:00:00,STEPSON SAYS FAMILY WEIGHED PAYING VON BULOW,"  Claus von Bulow's stepchildren and in-laws discussed making a cash payment to him if he would renounce any claim to the large estate of his comatose wife, Mr. von Bulow's stepson testified under cross-examination today.   The stepson, Alexander von...",http://www.nytimes.com/1985/05/02/us/stepson-says-family-weighed-paying-von-bulow.html
84,-4.3764,4.1015,6.837000000000001,1.4780000000000002,0.01212,9.52,9.31,29.65,10822.25,1985-03-22 00:00:00,198503,1985-03-01 00:00:00,E.P.A. Seeks $3.9 Million Fine,"   The Union Carbide Company is being fined $3.9 million for a delay in reporting the testing of a chemical that could pose a substantial risk to human health, the Environmental Protection Agency said this evening.   The chemical, diethyl sulfate,...",http://www.nytimes.com/1985/03/02/us/epa-seeks-3.9-million-fine.html
85,7.5221,-4.8258,-1.8506,-0.63,0.00118,12.05,11.85,29.75,10858.75,1985-02-14 00:00:00,198502,1985-02-01 00:00:00,ANSWERS TO QUIZ,"  Questions appear on page 13.     1. In the Andes of Peru.   2. The statement, from a videotape made public in London, was by William Buckley, a political officer in the United States Embassy in Beirut who, along with Mr. Weir, Mr. Levin and two...",http://www.nytimes.com/1985/02/02/us/answers-to-quiz.html
86,-6.4444,-5.7496,3.0373,-0.63,0.00604,10.27,10.08,29.85,10895.25,1985-01-08 00:00:00,198501,1985-01-01 00:00:00,Tremor Near Palm Springs,"   A mild earthquake tonight struck the area where President Reagan is spending the New Year's holiday, but there were no reports of injury or damage. The earthquake struck about 9:27 P.M. and measured 4.1 on the Richter scale, according to the...",http://www.nytimes.com/1985/01/02/us/tremor-near-palm-springs.html
87,5.9719,-3.7093,-5.9601,0.423,1.3650200000000001,4.39,4.21,30.05,10968.25,1984-10-27 00:00:00,198410,1984-10-01 00:00:00,Reagan at the Bat,"  President Reagan, asked yesterday what team he planned to root   for in the World Series, carefully evaded the issue but not without a few faulty recollections.    ''That's an unfair question,'' Mr. Reagan said, amid laughter, after a speech in...",http://www.nytimes.com/1984/10/02/us/briefing-reagan-at-the-bat.html
88,-6.273,-4.8142,-4.8405,-0.63,0.0013800000000000002,11.87,11.71,30.22,11030.3,1984-08-26 00:00:00,198408,1984-08-01 00:00:00,REAGAN AND MONDALE IN DISPUTE ON DEBATES: HOW MANY AND WHO,"   The question of Presidential debates became an open dispute between the two major candidates today. President Reagan cautioned that voters might be ''bored'' with too many, and Walter F. Mondale accused Mr. Reagan of preferring an ''ad agency''...",http://www.nytimes.com/1984/08/02/us/reagan-and-mondale-in-dispute-on-debates-how-many-and-who.html
89,-6.2425,-5.0375,-4.7445,1.7480000000000002,0.00521,10.43,10.28,30.38,11088.7,1984-06-29 00:00:00,198406,1984-06-01 00:00:00,Airline Pact Averts Strike,"   Frontier Airlines and the Association of Flight Attendants reached a tentative agreement tonight on a new contract, averting a strike that had been scheduled for 10:01 P.M. The agreement came after a nine-hour bargaining session.  ",http://www.nytimes.com/1984/06/02/us/airline-pact-averts-strike.html
90,-5.6252,6.3502,4.039,1.609,0.0044,10.62,10.48,30.63,11179.95,1984-03-30 00:00:00,198403,1984-03-01 00:00:00,AIR FORCE WHISTLE-BLOWER TESTIMONY BALKED,"   Pentagon officials prevented the military's best known whistle-blower from testifying in Congress today. But his report, saying the Defense Department's chief auditing agency and an Under Secretary had thwarted efforts to uncover unreasonable...",http://www.nytimes.com/1984/03/02/us/air-force-whistle-blower-testimony-balked.html
91,-8.9874,-0.0019,-2.821,1.5419999999999998,0.007209999999999999,10.08,9.95,30.71,11209.15,1984-02-29 00:00:00,198402,1984-02-01 00:00:00,TABLE LISTING DEFICIT GETS A REMOTE HOME,"   One of the curious things in President Reagan's budget for the fiscal year 1985 is the placement of the table that shows spending, revenue and the deficit.",http://www.nytimes.com/1984/02/02/us/table-listing-deficit-gets-a-remote-home.html
92,-1.8105,-2.0046,-9.0725,-0.63,0.0009599999999999999,12.27,12.15,30.86,11263.9,1984-01-06 00:00:00,198401,1984-01-01 00:00:00,2 Crewmen Lost as Train Falls in River in Oregon,   River currents today thwarted a search for the bodies of two crew members missing after two Burlington Northern locomotives ran off an open swing bridge in a heavy fog and plunged into the Willamette River.,http://www.nytimes.com/1984/01/02/us/around-the-nation-2-crewmen-lost-as-train-falls-in-river-in-oregon.html
93,2.162,-8.1946,4.3765,0.902,0.29170999999999997,6.06,5.96,31.1,11351.5,1983-10-10 00:00:00,198310,1983-10-01 00:00:00,WELFARE SUPPORTERS EVICTED FROM PENNSYLVANIA'S CAPITOL,   About 25 people who had been protesting changes in the state's welfare law by camping in the Capitol rotunda since Sept. 19 were evicted this afternoon by security officers and the State Police.   The protesters had vowed to stay until the General...,http://www.nytimes.com/1983/10/02/us/welfare-supporters-evicted-from-pennsylvania-s-capitol.html
94,-4.7174,-6.3575,5.5291,-0.63,0.0015,11.79,11.71,31.48,11490.2,1983-05-24 00:00:00,198305,1983-05-01 00:00:00,BRIEFING,"  A 'Roast' for Udall   W hen Representative Morris K. Udall announced two months ago that he had decided not to run for President, he got more national attention and political applause than most of his fellow Democrats who faced that decision and...",http://www.nytimes.com/1983/05/02/us/briefing-137589.html
95,4.2728,6.169,6.2568,1.242,0.04264,8.15,8.1,31.85,11625.25,1983-01-09 00:00:00,198301,1983-01-01 00:00:00,"Police Search for Girl, 2, Abducted in Theft of Car",  The police continued their search today for a 2-year-old girl who was asleep in the back seat of a car that was stolen in a New Year's Eve robbery.,http://www.nytimes.com/1983/01/02/us/around-the-nation-police-search-for-girl-2-abducted-in-theft-of-car.html
96,4.7386,1.5538,8.4509,1.5419999999999998,0.00675,10.15,10.11,31.99,11676.35,1982-11-19 00:00:00,198211,1982-11-01 00:00:00,2 Guilty of Voting Fraud Freed by Alabama Panel,"  Two black women whose conviction of voting fraud became a rallying cry for extension of the Voting Rights Act of 1965 won their freedom today.   The state Board of Pardons and Paroles voted unanimously to parole Julia Wilder, 70 years old, and...",http://www.nytimes.com/1982/11/02/us/around-the-nation-2-guilty-of-voting-fraud-freed-by-alabama-panel.html
97,-9.4432,-2.6499,0.8355,1.4780000000000002,0.010579999999999999,9.66,9.63,32.09,11712.85,1982-10-14 00:00:00,198210,1982-10-01 00:00:00,AWAIT HOUSE ACTION,"  The Senate, preparing to head home to the voters, has passed anticrime legislation intended to impose stiffer prison terms on drug pushers, violent criminals and people who repeatedly commit ''street crime.''   One measure, approved Thursday by a...",http://www.nytimes.com/1982/10/02/us/anticrime-measures-approved-by-senate-await-house-action.html
98,-1.9206,6.3932,7.2671,1.609,0.00336,10.91,10.88,32.17,11742.05,1982-09-14 00:00:00,198209,1982-09-01 00:00:00,U.S. Says Farm Income Is Down 24% in 1982,"  Net income for American farmers is projected at about $19 billion in 1982, down 24.3 percent from last year, the Government said today.   The Agriculture Department said the decline was caused in part by record crops, weak demand and declining...",http://www.nytimes.com/1982/09/02/us/us-says-farm-income-is-down-24-in-1982.html
99,9.1847,2.3808,2.8666,-0.63,0.00279,11.11,11.09,32.31,11793.15,1982-07-25 00:00:00,198207,1982-07-01 00:00:00,NEW BUDGET FOR CALIFORNIA REFLECTS CUTBACK IN SERVICES,"  Four years after Californians rebelled and voted a limit on soaring property taxes, the state has adopted a new budget that officials say may bring about the kind of deep cuts in public services that were envisaged when the law was passed.   The...",http://www.nytimes.com/1982/07/02/us/new-budget-for-california-reflects-cutback-in-services.html
100,7.7668,1.744,-5.9553,1.4780000000000002,0.022959999999999998,8.82,8.81,32.41,11829.65,1982-06-19 00:00:00,198206,1982-06-01 00:00:00,High Court Bars Kleindienst,"  Former Attorney General Richard G.  Kleindienst, suspended by the Arizona Supreme Court for lying under oath, was suspended today from practice before the United States Supreme Court. The nation's highest court ordered the Tucson, Ariz., lawyer to...",http://www.nytimes.com/1982/06/02/us/high-court-bars-kleindienst.html
101,-6.2872,7.7402,0.2883,0.902,0.43243000000000004,5.64,5.63,32.52,11869.8,1982-05-10 00:00:00,198205,1982-05-01 00:00:00,THAI DIPLOMAT HELD ON HEROIN CHARGE IN CHICAGO,"  A Thai diplomat who is said to have operated a ring that smuggled as much as $20 million worth of heroin into the United States in diplomatic pouches is under arrest on drug charges, officials say.   The diplomat, Sihadej Chindawongse, 42 years...",http://www.nytimes.com/1982/05/02/us/thai-diplomat-held-on-heroin-charge-in-chicago.html
102,6.0304,-7.251,-3.3552,-0.63,0.0017,11.65,11.65,32.63,11909.95,1982-03-31 00:00:00,198203,1982-03-01 00:00:00,BRIEFING,"  Aquarium Casualties   A long campaign to save the 109-year-old National Aquarium situated in the basement of the Commerce Department has met with mixed success: They've saved the fish but have let most of the bipeds go.   ''Damn, I feel let down,''...",http://www.nytimes.com/1982/03/02/us/briefing-227037.html
103,2.3873,-0.5136,9.7492,1.6769999999999998,0.0022,11.37,11.38,32.76,11957.4,1982-02-11 00:00:00,198202,1982-02-01 00:00:00,DRAFT OF ORDER ON PRESS DISCLOSURES IS STUDIED BY WHITE HOUSE AIDES,"  A ''working draft'' of a directive that would place significant new restrictions on contacts between Government officials and news reporters on the subject of foreign policy is circulating within the Reagan Administration, White House officials...",http://www.nytimes.com/1982/02/02/us/draft-of-order-on-press-disclosures-is-studied-by-white-house-aides.html
104,-7.8763,-5.9603,31.953000000000003,0.902,0.15946,6.72,9.34,109.03,39795.95,2005-11-24 00:00:00,200511,2005-11-01 00:00:00,"In One Day, Fire Lays Waste To a Piece of Bottled History","A fire in Vallejo, Calif., in a wine storage warehouse destroyed $100 million worth of wine. The fire, later declared an arson, affected nearly 100 wineries.",http://www.nytimes.com/2005/11/02/national/02vallejo.html
105,-30.401,2.1268,-13.8315,1.137,0.20476,6.45,9.07,109.1,39821.5,2005-10-29 00:00:00,200510,2005-10-01 00:00:00,Long Hard Slog Brings Yankees Back to the Top,"Three months ago, they were a .500 team. But after getting the final out on Saturday, the Yankees were A.L. East champions for the eighth straight season.",http://www.nytimes.com/2005/10/02/sports/baseball/02yankees.html
106,-6.3138,-32.7565,-2.9495,0.991,0.26781,6.16,8.78,109.18,39850.7,2005-09-30 00:00:00,200509,2005-09-01 00:00:00,"Terrorist Known Before 9/11, More Say","A Defense Department inquiry has found three more people who recall seeing an intelligence briefing slide that identified the ringleader of the Sept. 11 attacks a year before the hijackings and terrorist strikes, Pentagon and military officials said...",http://query.nytimes.com/gst/fullpage.html?res=9F0DE5D71731F931A3575AC0A9639C8B63
107,8.6817,-31.4269,-7.7969,0.369,6.14743,2.75,5.38,109.29,39890.85,2005-08-21 00:00:00,200508,2005-08-01 00:00:00,"Atkins, the Diet Company, Seeks Protection From Its Creditors","Atkins Nutritionals, which started the low-carbohydrate diet craze, filed for protection from its creditors. The company's fortunes have waned along with the popularity of the diet.",http://www.nytimes.com/2005/08/01/business/01atkins.html
108,-19.7109,-24.1256,12.4401,0.902,0.80404,4.96,7.59,109.36,39916.4,2005-07-26 00:00:00,200507,2005-07-01 00:00:00,"In List of Potential Justices, Many Kinds of Conservative","While all of the candidates may be described as conservative, each brings a different political and philosophical profile to the table.",http://www.nytimes.com/2005/07/02/politics/politicsspecial1/02nominees.html
109,-23.3775,7.4086,-22.9389,1.416,0.03549,8.35,10.98,109.47,39956.55,2005-06-16 00:00:00,200506,2005-06-01 00:00:00,Planned Parenthood Is Told To Show Children's Files,"Planned Parenthood of Indiana has to show state investigators the medical records of some of its youngest patients, a judge ruled on Tuesday.",http://www.nytimes.com/2005/06/01/national/01indiana.html
110,-33.2874,-3.8891,2.4354,0.991,0.15949000000000002,6.72,9.35,109.54,39982.1,2005-05-21 00:00:00,200505,2005-05-01 00:00:00,Fresh Outrage in Waco at Grisly Lynching of 1916,"A movement is growing to commemorate the lynching of Jesse Washington, a 17-year-old black farmhand railroaded to a conviction in the murder and rape of a white woman.",http://www.nytimes.com/2005/05/01/national/01lynch.html
111,-22.6839,13.2747,-20.9725,0.48,1.64179,4.19,6.82,109.62,40011.3,2005-04-22 00:00:00,200504,2005-04-01 00:00:00,"On the Day After, Attending to the Details of Death","For all the division surrounding the end of Terri Schiavo's life, the day after she died was defined, in part, by the practical realities of death.",http://www.nytimes.com/2005/04/02/national/02schiavo.html
112,-32.1538,1.7531,-9.8738,0.706,0.81805,4.94,7.58,109.8,40077.0,2005-02-16 00:00:00,200502,2005-02-01 00:00:00,Legislators Move to Toughen Federal Rail Oversight,"Two senators, a Republican and a Democrat, joined Tuesday to introduce legislation to toughen federal oversight of the rail industry.",http://www.nytimes.com/2005/02/02/national/02rail.html
113,-14.7023,-24.0015,-18.6228,0.902,10.532630000000001,2.17,4.81,110.02,40157.3,2004-11-27 00:00:00,200411,2004-11-01 00:00:00,Once-Bitten Networks Vow Not to Make Hasty Calls,"With memories of botched calls in the 2000 presidential race, the news networks say they are under increased pressure to get it right when they declare a winner.",http://www.nytimes.com/2004/11/02/politics/campaign/02networks.html
114,-28.9246,16.7913,-4.6896,0.991,0.48655,5.51,8.15,110.1,40186.5,2004-10-29 00:00:00,200410,2004-10-01 00:00:00,"Disarray Thwarts Terrorist List, Inquiry Finds","Efforts to create a master terrorist watch list"" are lagging badly because of a lack of leadership at the Department of Homeland Security and other bureaucratic problems.""",http://www.nytimes.com/2004/10/02/politics/02watch.html
115,-1.8133,4.5496,-33.45,1.5419999999999998,0.04487,8.09,10.74,110.21,40226.65,2004-09-19 00:00:00,200409,2004-09-01 00:00:00,The Latin Grammys Present A Variety of Musical Styles,"For a show aiming to encompass the breadth of Latin music, from Cuban to Brazilian, the Latin Grammys still rely heavily on non-Latin star power to draw television viewers.",http://www.nytimes.com/2004/09/02/arts/music/02latin.html
116,-28.8199,14.9884,-9.4442,1.416,0.042910000000000004,8.14,10.79,110.28,40252.2,2004-08-24 00:00:00,200408,2004-08-01 00:00:00,Black Farmers' Refrain: Where's All Our Money?,"R.L. Stevenson was bundled into a recliner, a bowl of prescription medicine bottles at his elbow. At 79, he can no longer work his farm here in Oktibbeha County, about 150 miles northeast of Jackson, though until he fell ill a year ago he baled hay...",http://www.nytimes.com/2004/08/01/us/black-farmers-refrain-where-s-all-our-money.html
117,-33.6597,3.5915,-0.3378,0.396,2.42761,3.76,6.41,110.36,40281.4,2004-07-26 00:00:00,200407,2004-07-01 00:00:00,Sundae News,"In this lesson, students research topics related to ice cream and create a news magazine program based on their research. Then students develop public service announcements promoting ice cream consumption.",http://learning.blogs.nytimes.com/2004/07/01/sundae-news/
118,-22.9883,12.5596,-21.4967,0.902,0.26186,6.18,8.83,110.47,40321.55,2004-06-16 00:00:00,200406,2004-06-01 00:00:00,NASA Weighs Robot Mission To Maintain Telescope,"Four and a half months after he seemed to doom the Hubble Space Telescope by ending maintenance missions by the space shuttle, NASA's administrator, Sean O'Keefe, brought brighter news to astronomers on Tuesday by announcing that NASA was seeking...",http://www.nytimes.com/2004/06/02/us/nasa-weighs-robot-mission-to-maintain-telescope.html
119,2.4034,-26.5108,21.0437,0.603,0.8614700000000001,4.89,7.54,110.62,40376.3,2004-04-22 00:00:00,200404,2004-04-01 00:00:00,National Briefing | Washington: New Head For Federal Agency,"A senior official with the Secret Service was named to lead the Bureau of Alcohol, Tobacco, Firearms and Explosives. The new director, Carl J. Truscott, had been an assistant director at the Secret Service in charge of threat assessment and other...",http://www.nytimes.com/2004/04/02/us/national-briefing-washington-new-head-for-federal-agency.html
120,-27.5594,-13.6863,14.3584,0.54,1.03712,4.69,7.34,110.7,40405.5,2004-03-24 00:00:00,200403,2004-03-01 00:00:00,Kucinich's Campaign Leaves Hometown Voters Wondering,"On the presidential campaign trail, Representative Dennis J. Kucinich boasts that he is ''Cleveland's favorite son.'' But some who live in his district wonder whether this son has distanced himself too much from the hometown voters who have sent him...",http://www.nytimes.com/2004/03/02/us/2004-campaign-congressman-kucinich-s-campaign-leaves-hometown-voters-wondering.html
121,-20.2729,19.7922,-18.7994,0.82,0.7194699999999999,5.08,7.74,110.85,40460.25,2004-01-29 00:00:00,200401,2004-01-01 00:00:00,Young Florida Killer Accepts a Plea Deal,"Lionel Tate, the teenager whose life sentence for killing a 6-year-old playmate was overturned this month, will accept a plea bargain allowing him to leave prison by March, lawyers said Wednesday.    Henry Hunter, a lawyer for Lionel's mother,...",http://www.nytimes.com/2004/01/01/us/young-florida-killer-accepts-a-plea-deal.html
